[
{
  "model": "myapp.feedback",
  "pk": 1,
  "fields": {
    "created_date": "2025-06-03T21:22:03.034Z",
    "suggestions": "hhhhhhhhhhhhhhhhhhpretty gooooooood",
    "user": 4
  }
},
{
  "model": "myapp.feedback",
  "pk": 2,
  "fields": {
    "created_date": "2025-06-03T23:05:41.710Z",
    "suggestions": "123456qwertyQ!123456qwertyQ!123456qwertyQ!123456qwertyQ!123456qwertyQ!123456qwertyQ!123456qwertyQ!123456qwertyQ!123456qwertyQ!123456qwertyQ!123456qwertyQ!123456qwertyQ!123456qwertyQ!123456qwertyQ!123456qwertyQ!123456qwertyQ!123456qwertyQ!123456qwertyQ!123456qwertyQ!123456qwertyQ!123456qwertyQ!123456qwertyQ!123456qwertyQ!123456qwertyQ!123456qwertyQ!123456qwertyQ!123456qwertyQ!123456qwertyQ!123456qwertyQ!123456qwertyQ!123456qwertyQ!123456qwertyQ!123456qwertyQ!123456qwertyQ!123456qwertyQ!123456qwertyQ!123456qwertyQ!123456qwertyQ!123456qwertyQ!123456qwertyQ!123456qwertyQ!123456qwertyQ!123456qwertyQ!123456qwertyQ!123456qwertyQ!123456qwertyQ!123456qwertyQ!123456qwertyQ!123456qwertyQ!123456qwertyQ!123456qwertyQ!123456qwertyQ!123456qwertyQ!123456qwertyQ!123456qwertyQ!123456qwertyQ!123456qwertyQ!123456qwertyQ!123456qwertyQ!123456qwertyQ!123456qwertyQ!123456qwertyQ!",
    "user": 4
  }
},
{
  "model": "myapp.feedback",
  "pk": 3,
  "fields": {
    "created_date": "2025-06-03T23:05:58.695Z",
    "suggestions": "123456qwertyQ!123456qwertyQ!123456qwertyQ!123456qwertyQ!123456qwertyQ!123456qwertyQ!123456qwertyQ!123456qwertyQ!123456qwertyQ!123456qwer123456qwertyQ!tyQ!123456qwertyQ!123456qwertyQ!123456qwertyQ!123456qwertyQ!123456qwertyQ!123456qwertyQ!123456qwertyQ!123456qwertyQ!123456qwertyQ!123456qwertyQ!123456qwertyQ!123456qwer123456qwertyQ!tyQ!123456qwertyQ!123456qwertyQ!123456qwertyQ!123456qwertyQ!123456qwertyQ!123456qwertyQ!123456qwertyQ!123456qwertyQ!123456qwertyQ!123456qwertyQ!123456qwertyQ!123456qwer123456qwertyQ!tyQ!123456qwertyQ!123456qwertyQ!123456qwertyQ!123456qwertyQ!123456qwertyQ!123456qwertyQ!123456qwertyQ!123456qwertyQ!123456qwertyQ!123456qwertyQ!123456qwertyQ!123456qwer123456qwertyQ!tyQ!123456qwertyQ!123456qwertyQ!123456qwertyQ!123456qwertyQ!123456qwertyQ!123456qwertyQ!123456qwertyQ!123456qwertyQ!123456qwertyQ!123456qwertyQ!123456qwertyQ!123456qwer123456qwertyQ!tyQ!123456qwertyQ!123456qwertyQ!123456qwertyQ!123456qwertyQ!123456qwertyQ!123456qwertyQ!123456qwertyQ!123456qwertyQ!123456",
    "user": 4
  }
},
{
  "model": "myapp.feedback",
  "pk": 4,
  "fields": {
    "created_date": "2025-06-04T18:24:25.516Z",
    "suggestions": "Nice app!!Keep on going!",
    "user": 4
  }
},
{
  "model": "myapp.feedback",
  "pk": 5,
  "fields": {
    "created_date": "2025-06-04T18:25:12.364Z",
    "suggestions": "We couldn't Enter something very bad! That's nice",
    "user": 4
  }
},
{
  "model": "myapp.feedback",
  "pk": 6,
  "fields": {
    "created_date": "2025-06-04T18:34:40.628Z",
    "suggestions": "Nice web!Keep going!",
    "user": 4
  }
},
{
  "model": "myapp.feedback",
  "pk": 7,
  "fields": {
    "created_date": "2025-06-04T18:35:43.696Z",
    "suggestions": "nice web keep going!",
    "user": 4
  }
},
{
  "model": "myapp.feedback",
  "pk": 8,
  "fields": {
    "created_date": "2025-06-04T18:37:00.926Z",
    "suggestions": "Nice web, keep going!",
    "user": 4
  }
},
{
  "model": "myapp.category",
  "pk": 1,
  "fields": {
    "title": "Vegan"
  }
},
{
  "model": "myapp.category",
  "pk": 2,
  "fields": {
    "title": "Gluten-Free"
  }
},
{
  "model": "myapp.category",
  "pk": 3,
  "fields": {
    "title": "Vegetarian"
  }
},
{
  "model": "myapp.category",
  "pk": 4,
  "fields": {
    "title": "Halal"
  }
},
{
  "model": "myapp.category",
  "pk": 5,
  "fields": {
    "title": "Dairy-Free"
  }
},
{
  "model": "myapp.category",
  "pk": 6,
  "fields": {
    "title": "Low-Carb"
  }
},
{
  "model": "myapp.category",
  "pk": 7,
  "fields": {
    "title": "Keto"
  }
},
{
  "model": "myapp.category",
  "pk": 8,
  "fields": {
    "title": "Paleo"
  }
},
{
  "model": "myapp.category",
  "pk": 9,
  "fields": {
    "title": "Organic"
  }
},
{
  "model": "myapp.category",
  "pk": 10,
  "fields": {
    "title": "Spicy"
  }
},
{
  "model": "myapp.dish",
  "pk": 1,
  "fields": {
    "name": "Cheese Burger",
    "description": "",
    "categories": [
      9
    ]
  }
},
{
  "model": "myapp.dish",
  "pk": 2,
  "fields": {
    "name": "Rainbow Salad",
    "description": "Mixed veggies & nuts",
    "categories": [
      7,
      8,
      3
    ]
  }
},
{
  "model": "myapp.dish",
  "pk": 3,
  "fields": {
    "name": "Margherita Pizza",
    "description": "Tomatoes, basil, mozzarella",
    "categories": [
      5,
      6,
      1
    ]
  }
},
{
  "model": "myapp.dish",
  "pk": 4,
  "fields": {
    "name": "Falafel Wrap",
    "description": "Chickpea patties in pita",
    "categories": [
      9,
      10,
      1
    ]
  }
},
{
  "model": "myapp.dish",
  "pk": 5,
  "fields": {
    "name": "Pad Thai",
    "description": "Rice noodles with tamarind",
    "categories": [
      4,
      9,
      3
    ]
  }
},
{
  "model": "myapp.dish",
  "pk": 6,
  "fields": {
    "name": "Kimchi Fried Rice",
    "description": "Fried rice with spicy kimchi",
    "categories": [
      7,
      1
    ]
  }
},
{
  "model": "myapp.dish",
  "pk": 7,
  "fields": {
    "name": "Avocado Toast",
    "description": "Sourdough with smashed avocado",
    "categories": [
      2,
      10
    ]
  }
},
{
  "model": "myapp.dish",
  "pk": 8,
  "fields": {
    "name": "Grilled Salmon",
    "description": "Salmon fillet, lemon dill",
    "categories": [
      10,
      1
    ]
  }
},
{
  "model": "myapp.dish",
  "pk": 9,
  "fields": {
    "name": "Tofu Stir-Fry",
    "description": "Tofu with mixed vegetables",
    "categories": [
      7,
      3
    ]
  }
},
{
  "model": "myapp.dish",
  "pk": 10,
  "fields": {
    "name": "Beef Tacos",
    "description": "Soft tortillas and salsa",
    "categories": [
      9,
      8,
      10
    ]
  }
},
{
  "model": "myapp.dish",
  "pk": 11,
  "fields": {
    "name": "Pumpkin Soup",
    "description": "Velvety pumpkin soup",
    "categories": [
      8
    ]
  }
},
{
  "model": "myapp.dish",
  "pk": 12,
  "fields": {
    "name": "Cauliflower Wings",
    "description": "Spicy baked florets",
    "categories": [
      2,
      6
    ]
  }
},
{
  "model": "myapp.dish",
  "pk": 13,
  "fields": {
    "name": "Quinoa Bowl",
    "description": "Quinoa, beans and corn",
    "categories": [
      8
    ]
  }
},
{
  "model": "myapp.dish",
  "pk": 14,
  "fields": {
    "name": "Butter Chicken",
    "description": "Creamy Indian curry",
    "categories": [
      7
    ]
  }
},
{
  "model": "myapp.dish",
  "pk": 15,
  "fields": {
    "name": "Sushi Roll",
    "description": "Cucumber and avocado roll",
    "categories": [
      4
    ]
  }
},
{
  "model": "myapp.dish",
  "pk": 16,
  "fields": {
    "name": "BBQ Ribs",
    "description": "Slow-cooked pork ribs",
    "categories": [
      7,
      9,
      3
    ]
  }
},
{
  "model": "myapp.dish",
  "pk": 17,
  "fields": {
    "name": "Greek Yogurt Parfait",
    "description": "Yogurt, berries, granola",
    "categories": [
      7,
      9,
      1
    ]
  }
},
{
  "model": "myapp.dish",
  "pk": 18,
  "fields": {
    "name": "Chocolate Lava Cake",
    "description": "Molten-center dessert",
    "categories": [
      2,
      6,
      8
    ]
  }
},
{
  "model": "myapp.restaurant",
  "pk": 1,
  "fields": {
    "name": "Døgnvill Burger Tjuvholmen",
    "description": "A family-friendly burger restaurant by the waterfront in Tjuvholmen, Oslo, offering high-quality burgers with inventive toppings. Enjoy a welcoming atmosphere, famous milkshakes, and a vibrant bar scene, all complemented by attentive and friendly service and carefully curated playlists that match the lively vibe. Perfect for casual dining with friends and family!",
    "address": "Lille Stranden 10, Oslo 0252 Norway",
    "contact_phone": "22830001",
    "website": "https://www.dognvillburger.no/"
  }
},
{
  "model": "myapp.restaurant",
  "pk": 2,
  "fields": {
    "name": "Green Leaf Café",
    "description": "",
    "address": "123 Leaf St",
    "contact_phone": "111-111",
    "website": null
  }
},
{
  "model": "myapp.restaurant",
  "pk": 3,
  "fields": {
    "name": "Burger Town",
    "description": "",
    "address": "45 Patty Ave",
    "contact_phone": "222-222",
    "website": null
  }
},
{
  "model": "myapp.restaurant",
  "pk": 4,
  "fields": {
    "name": "Mama Mia Pizzeria",
    "description": "",
    "address": "9 Pizza Rd",
    "contact_phone": "333-333",
    "website": null
  }
},
{
  "model": "myapp.restaurant",
  "pk": 5,
  "fields": {
    "name": "Spice Route",
    "description": "",
    "address": "7 Curry Ln",
    "contact_phone": "444-444",
    "website": null
  }
},
{
  "model": "myapp.restaurant",
  "pk": 6,
  "fields": {
    "name": "Ocean Grill",
    "description": "",
    "address": "88 Wave Blvd",
    "contact_phone": "555-555",
    "website": null
  }
},
{
  "model": "myapp.restaurant",
  "pk": 7,
  "fields": {
    "name": "Taco Villa",
    "description": "",
    "address": "321 Fiesta Dr",
    "contact_phone": "666-666",
    "website": null
  }
},
{
  "model": "myapp.restaurant",
  "pk": 8,
  "fields": {
    "name": "Healthy Bowl",
    "description": "",
    "address": "12 Fit Way",
    "contact_phone": "777-777",
    "website": null
  }
},
{
  "model": "myapp.restaurant",
  "pk": 9,
  "fields": {
    "name": "Sweet Treats",
    "description": "",
    "address": "5 Dessert Pl",
    "contact_phone": "888-888",
    "website": null
  }
},
{
  "model": "myapp.dishrestaurant",
  "pk": 1,
  "fields": {
    "restaurant": 1,
    "dish": 1,
    "local_name": "THE CLASSIC",
    "categories": [
      2,
      3
    ]
  }
},
{
  "model": "myapp.dishrestaurant",
  "pk": 2,
  "fields": {
    "restaurant": 1,
    "dish": 14,
    "local_name": "Døgnvill's Fusion Butter Chicken",
    "categories": [
      10
    ]
  }
},
{
  "model": "myapp.dishrestaurant",
  "pk": 3,
  "fields": {
    "restaurant": 1,
    "dish": 2,
    "local_name": "",
    "categories": [
      7
    ]
  }
},
{
  "model": "myapp.dishrestaurant",
  "pk": 4,
  "fields": {
    "restaurant": 1,
    "dish": 3,
    "local_name": "",
    "categories": [
      2,
      6,
      3
    ]
  }
},
{
  "model": "myapp.dishrestaurant",
  "pk": 5,
  "fields": {
    "restaurant": 1,
    "dish": 12,
    "local_name": "Døgnvill's House Cauliflower Wings",
    "categories": [
      9,
      3
    ]
  }
},
{
  "model": "myapp.dishrestaurant",
  "pk": 6,
  "fields": {
    "restaurant": 1,
    "dish": 18,
    "local_name": "",
    "categories": [
      5,
      8
    ]
  }
},
{
  "model": "myapp.dishrestaurant",
  "pk": 7,
  "fields": {
    "restaurant": 1,
    "dish": 11,
    "local_name": "",
    "categories": [
      8
    ]
  }
},
{
  "model": "myapp.dishrestaurant",
  "pk": 8,
  "fields": {
    "restaurant": 2,
    "dish": 1,
    "local_name": "Green's Chef Cheese Burger",
    "categories": [
      6
    ]
  }
},
{
  "model": "myapp.dishrestaurant",
  "pk": 9,
  "fields": {
    "restaurant": 2,
    "dish": 7,
    "local_name": "Green's Fusion Avocado Toast",
    "categories": [
      4,
      6,
      9
    ]
  }
},
{
  "model": "myapp.dishrestaurant",
  "pk": 10,
  "fields": {
    "restaurant": 2,
    "dish": 3,
    "local_name": "",
    "categories": [
      10
    ]
  }
},
{
  "model": "myapp.dishrestaurant",
  "pk": 11,
  "fields": {
    "restaurant": 2,
    "dish": 11,
    "local_name": "",
    "categories": [
      8,
      1
    ]
  }
},
{
  "model": "myapp.dishrestaurant",
  "pk": 12,
  "fields": {
    "restaurant": 3,
    "dish": 17,
    "local_name": "Burger's Chef Greek Yogurt Parfait",
    "categories": [
      7,
      6
    ]
  }
},
{
  "model": "myapp.dishrestaurant",
  "pk": 13,
  "fields": {
    "restaurant": 3,
    "dish": 1,
    "local_name": "",
    "categories": [
      2,
      9,
      3
    ]
  }
},
{
  "model": "myapp.dishrestaurant",
  "pk": 14,
  "fields": {
    "restaurant": 3,
    "dish": 15,
    "local_name": "",
    "categories": [
      5,
      9
    ]
  }
},
{
  "model": "myapp.dishrestaurant",
  "pk": 15,
  "fields": {
    "restaurant": 3,
    "dish": 3,
    "local_name": "",
    "categories": [
      9,
      3
    ]
  }
},
{
  "model": "myapp.dishrestaurant",
  "pk": 16,
  "fields": {
    "restaurant": 3,
    "dish": 5,
    "local_name": "Burger's House Pad Thai",
    "categories": [
      2,
      1,
      3
    ]
  }
},
{
  "model": "myapp.dishrestaurant",
  "pk": 17,
  "fields": {
    "restaurant": 4,
    "dish": 9,
    "local_name": "",
    "categories": [
      5,
      2
    ]
  }
},
{
  "model": "myapp.dishrestaurant",
  "pk": 18,
  "fields": {
    "restaurant": 4,
    "dish": 1,
    "local_name": "",
    "categories": [
      4,
      6,
      9
    ]
  }
},
{
  "model": "myapp.dishrestaurant",
  "pk": 19,
  "fields": {
    "restaurant": 4,
    "dish": 8,
    "local_name": "Mama's Chef Grilled Salmon",
    "categories": [
      4
    ]
  }
},
{
  "model": "myapp.dishrestaurant",
  "pk": 20,
  "fields": {
    "restaurant": 4,
    "dish": 2,
    "local_name": "",
    "categories": [
      9,
      8,
      3
    ]
  }
},
{
  "model": "myapp.dishrestaurant",
  "pk": 21,
  "fields": {
    "restaurant": 4,
    "dish": 15,
    "local_name": "",
    "categories": [
      9
    ]
  }
},
{
  "model": "myapp.dishrestaurant",
  "pk": 22,
  "fields": {
    "restaurant": 5,
    "dish": 4,
    "local_name": "",
    "categories": [
      4,
      1
    ]
  }
},
{
  "model": "myapp.dishrestaurant",
  "pk": 23,
  "fields": {
    "restaurant": 5,
    "dish": 9,
    "local_name": "",
    "categories": [
      6
    ]
  }
},
{
  "model": "myapp.dishrestaurant",
  "pk": 24,
  "fields": {
    "restaurant": 5,
    "dish": 17,
    "local_name": "",
    "categories": [
      4,
      8,
      3
    ]
  }
},
{
  "model": "myapp.dishrestaurant",
  "pk": 25,
  "fields": {
    "restaurant": 5,
    "dish": 5,
    "local_name": "",
    "categories": [
      2
    ]
  }
},
{
  "model": "myapp.dishrestaurant",
  "pk": 26,
  "fields": {
    "restaurant": 5,
    "dish": 11,
    "local_name": "Spice's Chef Pumpkin Soup",
    "categories": [
      5,
      4,
      10
    ]
  }
},
{
  "model": "myapp.dishrestaurant",
  "pk": 27,
  "fields": {
    "restaurant": 5,
    "dish": 1,
    "local_name": "Spice's Fusion Cheese Burger",
    "categories": [
      2
    ]
  }
},
{
  "model": "myapp.dishrestaurant",
  "pk": 28,
  "fields": {
    "restaurant": 6,
    "dish": 4,
    "local_name": "Ocean's Signature Falafel Wrap",
    "categories": [
      1
    ]
  }
},
{
  "model": "myapp.dishrestaurant",
  "pk": 29,
  "fields": {
    "restaurant": 6,
    "dish": 17,
    "local_name": "",
    "categories": [
      4,
      7,
      10
    ]
  }
},
{
  "model": "myapp.dishrestaurant",
  "pk": 30,
  "fields": {
    "restaurant": 6,
    "dish": 3,
    "local_name": "Ocean's House Margherita Pizza",
    "categories": [
      1
    ]
  }
},
{
  "model": "myapp.dishrestaurant",
  "pk": 31,
  "fields": {
    "restaurant": 6,
    "dish": 2,
    "local_name": "",
    "categories": [
      5,
      6,
      3
    ]
  }
},
{
  "model": "myapp.dishrestaurant",
  "pk": 32,
  "fields": {
    "restaurant": 6,
    "dish": 15,
    "local_name": "Ocean's Fusion Sushi Roll",
    "categories": [
      9,
      8
    ]
  }
},
{
  "model": "myapp.dishrestaurant",
  "pk": 33,
  "fields": {
    "restaurant": 7,
    "dish": 4,
    "local_name": "Taco's Signature Falafel Wrap",
    "categories": [
      4,
      6
    ]
  }
},
{
  "model": "myapp.dishrestaurant",
  "pk": 34,
  "fields": {
    "restaurant": 7,
    "dish": 5,
    "local_name": "Taco's Signature Pad Thai",
    "categories": [
      4,
      8,
      3
    ]
  }
},
{
  "model": "myapp.dishrestaurant",
  "pk": 35,
  "fields": {
    "restaurant": 7,
    "dish": 9,
    "local_name": "",
    "categories": [
      4,
      9,
      10
    ]
  }
},
{
  "model": "myapp.dishrestaurant",
  "pk": 36,
  "fields": {
    "restaurant": 7,
    "dish": 10,
    "local_name": "",
    "categories": [
      8
    ]
  }
},
{
  "model": "myapp.dishrestaurant",
  "pk": 37,
  "fields": {
    "restaurant": 7,
    "dish": 14,
    "local_name": "",
    "categories": [
      4,
      3
    ]
  }
},
{
  "model": "myapp.dishrestaurant",
  "pk": 38,
  "fields": {
    "restaurant": 7,
    "dish": 13,
    "local_name": "Taco's Fusion Quinoa Bowl",
    "categories": [
      7,
      6,
      9
    ]
  }
},
{
  "model": "myapp.dishrestaurant",
  "pk": 39,
  "fields": {
    "restaurant": 8,
    "dish": 10,
    "local_name": "Healthy's Signature Beef Tacos",
    "categories": [
      2,
      4,
      9
    ]
  }
},
{
  "model": "myapp.dishrestaurant",
  "pk": 40,
  "fields": {
    "restaurant": 8,
    "dish": 11,
    "local_name": "Healthy's House Pumpkin Soup",
    "categories": [
      7,
      9
    ]
  }
},
{
  "model": "myapp.dishrestaurant",
  "pk": 41,
  "fields": {
    "restaurant": 8,
    "dish": 15,
    "local_name": "Healthy's Special Sushi Roll",
    "categories": [
      6,
      8
    ]
  }
},
{
  "model": "myapp.dishrestaurant",
  "pk": 42,
  "fields": {
    "restaurant": 8,
    "dish": 1,
    "local_name": "",
    "categories": [
      1
    ]
  }
},
{
  "model": "myapp.dishrestaurant",
  "pk": 43,
  "fields": {
    "restaurant": 9,
    "dish": 6,
    "local_name": "Sweet's House Kimchi Fried Rice",
    "categories": [
      7,
      9
    ]
  }
},
{
  "model": "myapp.dishrestaurant",
  "pk": 44,
  "fields": {
    "restaurant": 9,
    "dish": 11,
    "local_name": "",
    "categories": [
      7
    ]
  }
},
{
  "model": "myapp.dishrestaurant",
  "pk": 45,
  "fields": {
    "restaurant": 9,
    "dish": 2,
    "local_name": "",
    "categories": [
      7
    ]
  }
},
{
  "model": "myapp.dishrestaurant",
  "pk": 46,
  "fields": {
    "restaurant": 9,
    "dish": 8,
    "local_name": "Sweet's Signature Grilled Salmon",
    "categories": [
      7
    ]
  }
},
{
  "model": "myapp.dishrestaurant",
  "pk": 47,
  "fields": {
    "restaurant": 9,
    "dish": 18,
    "local_name": "Sweet's Chef Chocolate Lava Cake",
    "categories": [
      6,
      9,
      1
    ]
  }
},
{
  "model": "myapp.dishrestaurantsuggestion",
  "pk": 1,
  "fields": {
    "user": 2,
    "dish_name": "Fish and Chips",
    "local_name": "",
    "restaurant_name": "Q",
    "price": "189.00",
    "available": true,
    "description": "Just fish and chips",
    "created_date": "2025-06-01T21:53:16.414Z",
    "is_reviewed": false
  }
},
{
  "model": "myapp.dishrestaurantsuggestion",
  "pk": 2,
  "fields": {
    "user": 2,
    "dish_name": "Fried Chicken",
    "local_name": "",
    "restaurant_name": "ChiChi",
    "price": "168.00",
    "available": true,
    "description": "It's good, recommended",
    "created_date": "2025-06-02T12:50:39.247Z",
    "is_reviewed": false
  }
},
{
  "model": "myapp.dishrestaurantsuggestion",
  "pk": 5,
  "fields": {
    "user": 4,
    "dish_name": "Nigiri S",
    "local_name": "",
    "restaurant_name": "Nydalen",
    "price": "189.00",
    "available": true,
    "description": "",
    "created_date": "2025-06-03T21:34:58.965Z",
    "is_reviewed": false
  }
},
{
  "model": "myapp.dishrestaurantsuggestion",
  "pk": 6,
  "fields": {
    "user": 4,
    "dish_name": "Fried C",
    "local_name": "ccc",
    "restaurant_name": "yyyy",
    "price": "788.00",
    "available": true,
    "description": "",
    "created_date": "2025-06-03T22:00:24.416Z",
    "is_reviewed": false
  }
},
{
  "model": "myapp.dishrestaurantsuggestion",
  "pk": 8,
  "fields": {
    "user": 5,
    "dish_name": "N",
    "local_name": "A",
    "restaurant_name": "AAA",
    "price": "189.00",
    "available": true,
    "description": "goodgoodgoodgoodgoodgoodgoodgoodgoodgood",
    "created_date": "2025-06-04T12:17:41.345Z",
    "is_reviewed": false
  }
},
{
  "model": "myapp.dishrestaurantsuggestion",
  "pk": 9,
  "fields": {
    "user": 5,
    "dish_name": "Nigiri S",
    "local_name": "S",
    "restaurant_name": "AA",
    "price": "189.00",
    "available": true,
    "description": "goodgoodgoodgoodgoodgoodgoodgoodgoodgoodgoodgoodgoodgoodgoodgoodgoodgoodgoodgoodgoodgoodgoodgoodgoodgoodgoodgoodgoodgoodgoodgoodgoodgoodgoodgoodgoodgoodgoodgoodgoodgoodgoodgoodgoodgoodgoodgoodgoodgoodgoodgoodgoodgoodgoodgoodgoodgoodgoodgoodgoodgoodgoodgoodgoodgoodgoodgoodgoodgoodgoodgoodgoodgoodgoodgoodgoodgoodgoodgoodgoodgoodgoodgoodgoodgoodgoodgoodgoodgoodgoodgoodgoodgoodgoodgoodgoodgoodgoodgoodgoodgoodgoodgoodgoodgoodgoodgoodgoodgoodgoodgoodgoodgoodgoodgogoodgoodgoodgoodgoodgoodgoodgoodgoodgoodgoodgoodgoodgoodgood",
    "created_date": "2025-06-04T12:18:05.826Z",
    "is_reviewed": false
  }
},
{
  "model": "myapp.dishrestaurantsuggestion",
  "pk": 10,
  "fields": {
    "user": 2,
    "dish_name": "Nigiri S",
    "local_name": "Special Nigiri",
    "restaurant_name": "Q",
    "price": "189.00",
    "available": true,
    "description": "It's great! Out of expected! Good choice to add in database",
    "created_date": "2025-06-04T19:03:53.698Z",
    "is_reviewed": false
  }
},
{
  "model": "myapp.review",
  "pk": 3,
  "fields": {
    "created_date": "2025-06-02T12:49:56.866Z",
    "rating": "4.5",
    "price_paid": "189.00",
    "description": "Yes, hope it works",
    "photo": "reviews/__4IaEQFe.jpeg",
    "user": 2,
    "dish_restaurant": 4
  }
},
{
  "model": "myapp.review",
  "pk": 10,
  "fields": {
    "created_date": "2025-06-03T21:32:40.706Z",
    "rating": "5.0",
    "price_paid": "189.00",
    "description": "goodgoodgoodgoodgood",
    "photo": "reviews/__HKYieJk.jpeg",
    "user": 4,
    "dish_restaurant": 1
  }
},
{
  "model": "myapp.review",
  "pk": 12,
  "fields": {
    "created_date": "2025-06-03T22:26:57.042Z",
    "rating": "4.0",
    "price_paid": "289.00",
    "description": "uuuuuuuuuuuuuuuuuuu",
    "photo": "",
    "user": 4,
    "dish_restaurant": 3
  }
},
{
  "model": "myapp.review",
  "pk": 15,
  "fields": {
    "created_date": "2025-06-04T11:30:34.493Z",
    "rating": "3.5",
    "price_paid": "342.00",
    "description": "greatgreatgreatgreatgreatgreatgreatgreatgreatgreatgreatgreatgreatgreatgreatgreatgreatgreatgreatgreatgreatgrea\r\natgreatgreatgreatgreatgreatgreatgreatgreatgreatgreatgreatgreatgreatgreatgreatgreatgreatgreatgreatgreatgreatgreatgreatgreatgreatgreatgreatatgreatgreatgreatgreatgreatgreatgreatgreatgreatgreatgreatgreatgreatgreatgreatgreatgreatgreatgreatgreatgreatgreatgreatgreatgreatgreatgreatgreatgreatgreatgreatgreatgreatgreatgreatgreatgrea\r\natgreatgreatgreatgreatgreatatgreatgreatgreatgreatgreatgreatgreatgreatgreatgreatgreatgreatgreatgreatgreatgreatgreatgreatgreatgreatgreatgreatgreatgreatgreatgreatgreatgreatgreatgreatgreatgreatgreatgreatgreatgreatgreaatgreatgreatgreatgreatgreatatgreatgreatgreatgreatgreatgreatgreatgreatgreatgreatgreatgreatgreatgreatgreatgreatgreatgreatgreatgreatgreatgreatgreatgreatgreatgreatgreatgreatgreatgreatgreatgreatgreatgreatgreatgreatgrea",
    "photo": "",
    "user": 5,
    "dish_restaurant": 2
  }
},
{
  "model": "myapp.review",
  "pk": 17,
  "fields": {
    "created_date": "2025-06-04T11:36:57.198Z",
    "rating": "4.0",
    "price_paid": "199.00",
    "description": "ReviewReviewReviewReviewReviewReviewReviewReviewReviewReviewReviewReviewReviewReviewReviewReviewReviewReviewReviewReviewReviewReviewReviewReviewReviewReviewReviewReviewReviewReviewReviewReviewReviewReviewReviewReviewReviewReviewReviewReviewReviewReviewReviewReviewReviewReviewReviewReviewReviewReviewReviewReviewReviewReviewReviewReviewReviewReviewReviewReviewReviewReviewReviewReviewReviewReviewReviewReviewReviewReviewReviewReviewReviewReviewReviewReviewReviewReviewReviewReviewReviewReviewReviewReviewReviewReviewReviewReviewReviewReviewReviewReviewReviewReviewReviewReviewReviewReview",
    "photo": "",
    "user": 5,
    "dish_restaurant": 1
  }
},
{
  "model": "myapp.review",
  "pk": 20,
  "fields": {
    "created_date": "2025-06-04T11:47:32.318Z",
    "rating": "4.0",
    "price_paid": "189.00",
    "description": "testtesttesttesttesttesttesttesttest",
    "photo": "",
    "user": 5,
    "dish_restaurant": 24
  }
},
{
  "model": "myapp.review",
  "pk": 25,
  "fields": {
    "created_date": "2025-06-04T19:09:22.953Z",
    "rating": "5.0",
    "price_paid": "189.00",
    "description": "Nice! I would like to come back for that Burger next time!",
    "photo": "",
    "user": 2,
    "dish_restaurant": 1
  }
},
{
  "model": "myapp.review",
  "pk": 26,
  "fields": {
    "created_date": "2025-06-04T19:11:18.636Z",
    "rating": "5.0",
    "price_paid": "189.00",
    "description": "Nice! I would like to come next time!",
    "photo": "",
    "user": 2,
    "dish_restaurant": 3
  }
},
{
  "model": "myapp.wishlist",
  "pk": 36,
  "fields": {
    "created_date": "2025-06-04T11:41:33.245Z",
    "comments": "",
    "user": 5,
    "dish": 1
  }
},
{
  "model": "myapp.wishlist",
  "pk": 45,
  "fields": {
    "created_date": "2025-06-04T21:28:11.889Z",
    "comments": "I wanna try it!",
    "user": 2,
    "dish": 2
  }
}
]
